observation_date,PALLFNFINDEXM
2006-01-01,107.77774695712830
2006-02-01,106.11131252033560
2006-03-01,106.94589261733600
2006-04-01,115.58881575735209
2006-05-01,119.79632431889230
2006-06-01,117.07955056158541
2006-07-01,121.48107062253160
2006-08-01,122.11433483617880
2006-09-01,112.40564340327150
2006-10-01,110.70827539380890
2006-11-01,113.46293152366080
2006-12-01,115.40361741159620
2007-01-01,110.90569625186031
2007-02-01,116.90303024618480
2007-03-01,119.60945385344731
2007-04-01,126.41449230618120
2007-05-01,126.76550708336090
2007-06-01,127.07573259829290
2007-07-01,129.60975143384761
2007-08-01,125.57137194041120
2007-09-01,131.72857329658191
2007-10-01,139.44621094925830
2007-11-01,147.59116293131959
2007-12-01,147.76016406017379
2008-01-01,154.37434736000131
2008-02-01,161.41780985034021
2008-03-01,171.15643116947859
2008-04-01,177.78313498593320
2008-05-01,190.22741292770888
2008-06-01,199.21914486709281
2008-07-01,200.80500453711232
2008-08-01,179.82546001710989
2008-09-01,164.87467076026840
2008-10-01,134.84496571082829
2008-11-01,114.35971760323160
2008-12-01,101.83057312680930
2009-01-01,104.47641419441671
2009-02-01,100.92333355179881
2009-03-01,100.90651046804039
2009-04-01,102.90571801242960
2009-05-01,111.76534011657100
2009-06-01,120.51118420753190
2009-07-01,116.33029430318810
2009-08-01,122.80467592510740
2009-09-01,119.11479199935040
2009-10-01,126.62552908736190
2009-11-01,131.50021602874460
2009-12-01,134.07783312344401
2010-01-01,139.84336122660400
2010-02-01,136.56660088115771
2010-03-01,141.51629675468700
2010-04-01,149.32180099014619
2010-05-01,140.45015569033430
2010-06-01,137.72432266310039
2010-07-01,137.81083716999041
2010-08-01,141.66815613075150
2010-09-01,144.40786199687679
2010-10-01,152.19184654233379
2010-11-01,157.07961699388611
2010-12-01,166.14840663852399
2011-01-01,172.45655590260080
2011-02-01,178.71503900449051
2011-03-01,184.76540386766311
2011-04-01,194.27416533560839
2011-05-01,186.91321034299929
2011-06-01,184.91429149139208
2011-07-01,187.90110848781151
2011-08-01,183.19538343008080
2011-09-01,180.69663519204300
2011-10-01,174.85313829014419
2011-11-01,176.81472296967499
2011-12-01,173.41627365405060
2012-01-01,176.46067555482850
2012-02-01,181.91367596080161
2012-03-01,185.64157277231288
2012-04-01,182.60768721110753
2012-05-01,171.97674003126679
2012-06-01,160.90226625611601
2012-07-01,166.51345123630881
2012-08-01,171.36499758071790
2012-09-01,172.99415636194399
2012-10-01,171.22794743806929
2012-11-01,169.08820366903379
2012-12-01,169.95792241742151
2013-01-01,174.01641907952421
2013-02-01,175.53252666538299
2013-03-01,171.20278492009180
2013-04-01,167.79963883500471
2013-05-01,166.76228520571749
2013-06-01,164.04108863382140
2013-07-01,165.98622521849609
2013-08-01,168.57474347916471
2013-09-01,167.94134971176561
2013-10-01,165.38126846353450
2013-11-01,163.56338499403790
2013-12-01,167.15461210000129
2014-01-01,165.54404042231371
2014-02-01,169.32971354494950
2014-03-01,168.62045509700781
2014-04-01,170.10015264499489
2014-05-01,168.08391168044551
2014-06-01,168.35018746007100
2014-07-01,164.81152994963841
2014-08-01,159.26396943677199
2014-09-01,154.19447157786061
2014-10-01,145.75275322280231
2014-11-01,139.11773417982431
2014-12-01,125.94280637547550
2015-01-01,114.03475232906810
2015-02-01,117.19592395176980
2015-03-01,113.29239093815590
2015-04-01,114.57516550266421
2015-05-01,118.12499509500800
2015-06-01,115.70111925052640
2015-07-01,109.33802541797870
2015-08-01,102.33339705492560
2015-09-01,101.88340774246900
2015-10-01,102.03534654891850
2015-11-01,96.04245317311727
2015-12-01,90.53613778017652
2016-01-01,85.27145839420656
2016-02-01,86.98851528608424
2016-03-01,93.56518231359726
2016-04-01,96.92617196337171
2016-05-01,100.85368551557620
2016-06-01,103.50547469341140
2016-07-01,102.80025725040150
2016-08-01,103.14873132391290
2016-09-01,103.17431662492510
2016-10-01,106.74311086662560
2016-11-01,105.55255993820460
2016-12-01,111.47053582968211
2017-01-01,115.69193816975201
2017-02-01,116.34393592185540
2017-03-01,110.82290134336070
2017-04-01,111.10111479009100
2017-05-01,108.90709776304080
2017-06-01,105.67205191421900
2017-07-01,108.20601056848680
2017-08-01,111.04189359087729
2017-09-01,114.08627438147010
2017-10-01,115.55752118762230
2017-11-01,120.48371462425830
2017-12-01,121.99345702572620
2018-01-01,128.43517512754190
2018-02-01,126.36110966638660
2018-03-01,126.09625394120791
2018-04-01,128.08499391198760
2018-05-01,132.85249030431910
2018-06-01,131.64194170753879
2018-07-01,129.82861889697941
2018-08-01,127.51268044389630
2018-09-01,131.71392870874300
2018-10-01,132.82674856239009
2018-11-01,121.45602985409550
2018-12-01,115.89409925551421
2019-01-01,117.01802044540381
2019-02-01,118.75664247042180
2019-03-01,119.37270808252499
2019-04-01,122.77400891510121
2019-05-01,119.64517122039850
2019-06-01,114.85535179010991
2019-07-01,117.38382745657570
2019-08-01,112.02992652713240
2019-09-01,114.06935770335670
2019-10-01,112.63356390455230
2019-11-01,116.43818709128131
2019-12-01,119.29276942897340
2020-01-01,118.82072286014730
2020-02-01,110.15475751368631
2020-03-01,93.17534887056279
2020-04-01,85.05336737888710
2020-05-01,91.72581274978236
2020-06-01,99.87482130830992
2020-07-01,102.86449368961040
2020-08-01,108.67007816952641
2020-09-01,108.34180155164370
2020-10-01,111.24098859726060
2020-11-01,115.21005720014500
2020-12-01,125.23831502822060
2021-01-01,136.96160030100319
2021-02-01,137.97464755728200
2021-03-01,141.01558483409531
2021-04-01,145.21863611297081
2021-05-01,155.18563793412781
2021-06-01,160.78017558765850
2021-07-01,164.82995993475910
2021-08-01,163.18864652341961
2021-09-01,171.57987860100801
2021-10-01,191.49841408856861
2021-11-01,183.10496650905080
2021-12-01,186.69328909504529
2022-01-01,192.24525948025408
2022-02-01,203.49227039222151
2022-03-01,239.87387711469489
2022-04-01,228.28768648975031
2022-05-01,226.32953507682032
2022-06-01,231.61313450113968
2022-07-01,229.47158845273961
2022-08-01,241.93497895510120
2022-09-01,220.02076267610073
2022-10-01,191.36197273227981
2022-11-01,192.03820412986579
2022-12-01,194.33548002125960
2023-01-01,182.62368984668649
2023-02-01,174.58040180054061
2023-03-01,168.29442851728271
2023-04-01,170.75432833881530
2023-05-01,157.14302108196270
2023-06-01,154.05602948359231
2023-07-01,157.88984094478209
2023-08-01,161.27673608943689
2023-09-01,168.61879630768351
2023-10-01,167.89992807849021
2023-11-01,165.10921527327869
2023-12-01,159.53262239367510
2024-01-01,159.32760726665151
2024-02-01,158.63591449556620
2024-03-01,163.06996380413881
2024-04-01,170.39734361753261
2024-05-01,168.67610402987509
2024-06-01,166.74726162527551
2024-07-01,166.12298221967521
2024-08-01,164.15396802561270
2024-09-01,161.30021635498750
2024-10-01,166.52171219094129
2024-11-01,166.22298222096290
2024-12-01,166.69516443089469
2025-01-01,172.88392693093940
2025-02-01,172.27981171058309
2025-03-01,167.64546797001850
2025-04-01,162.75022033044081
2025-05-01,161.19313255849579
2025-06-01,166.19154110740470
2025-07-01,165.70764161652161
2025-08-01,163.34789067884600
2025-09-01,167.46449102514049
2025-10-01,167.81216039153600
2025-11-01,168.64427383307699
2025-12-01,170.77689929194489
2026-01-01,180.39143568633361
2026-02-01,184.34794197687560
2026-03-01,218.80542993560439
