,지수,GDP,고용,고용,고용,고용,소비,소비,소비,산업 및 생산,산업 및 생산,산업 및 생산,산업 및 생산,주택 및 건설,주택 및 건설,주택 및 건설,주택 및 건설,주택 및 건설,금융,금융,금융,금융,해외,해외,해외,부채 및 연준,부채 및 연준,부채 및 연준,부채 및 연준,금리
날짜,S&P 500 지수,실질 국내총생산,비농업 취업자 수,실업률,월별 시간당 임금,주당 실업수당 신청건수,소매판매,미시간 소비자 심리지수,개인 소득,산업생산,설비가동률,기업재고,ISM 제조업 PMI,주택 건설허가건수,Case-Shiller 주택가격지수,NAHB 주택시장지수,MBA 구매지수,MBA 재융자지수,장단기 금리 (10년-3개월),M2 통화승수,M2 통화속도,은행 지급준비금,수입,수출,순수출,가계부채/GDP,비금융 기업부채/GDP,정부부채/GDP,연준 자산/GDP,기준금리
2006년 01월,"1,280.08",3.21%,1.99%,4.7%,,295.75K,8.84%,91.2,7.73%,2.42%,80.71%,5.65%,55.1,3.41%,12.93%,,,,0.06%,8.37K,2.01,47.1,12.77%,12.36%,13.52%,91.53,41.57K,61.56%,6.1,4.29%
2006년 02월,"1,280.66",,2.03%,4.8%,,290.75K,6.67%,86.7,7.97%,1.72%,80.61%,5.23%,55.0,1.28%,12.09%,,,,-0.07%,8.39K,,44.6,,,,,,,,4.49%
2006년 03월,"1,294.87",,2.17%,4.7%,,301.75K,6.8%,88.9,7.96%,2.09%,80.66%,5.61%,55.8,2.72%,11.04%,,,,0.23%,8.36K,,42.7,,,,,,,,4.59%
2006년 04월,"1,310.61",2.97%,2.01%,4.7%,,303.60K,6.36%,87.4,7.85%,2.18%,80.77%,5.91%,54.3,-7.07%,9.97%,,,,0.30%,8.41K,2.02,44.7,12.57%,12.74%,12.28%,94.11,41.9K,61.22%,6.14,4.79%
2006년 05월,"1,270.09",,1.91%,4.6%,,332.75K,6.62%,79.1,7.52%,2.12%,80.65%,6.81%,55.2,-8.63%,8.75%,,,,0.26%,8.39K,,45.5,,,,,,,,4.94%
2006년 06월,"1,270.20",,1.78%,4.6%,,305.50K,4.03%,84.9,7.57%,1.98%,80.76%,7.84%,53.7,-14.28%,7.28%,,,,0.14%,8.43K,,45.1,,,,,,,,4.99%
2006년 07월,"1,276.66",2.33%,1.66%,4.7%,,318.80K,3.65%,84.7,7.23%,2.25%,80.56%,8.72%,52.0,-19.97%,6.04%,,,,-0.11%,8.49K,2,44.9,11.95%,13.29%,9.63%,96.46,41.86K,61.33%,6.07,5.24%
2006년 08월,"1,303.82",,1.63%,4.7%,,314.25K,5.27%,82.0,6.85%,2.37%,80.75%,9.13%,53.0,-22.40%,4.82%,,,,-0.31%,8.55K,,42.7,,,,,,,,5.25%
2006년 09월,"1,335.85",,1.69%,4.5%,,316.20K,4.35%,85.4,6.51%,4.22%,80.45%,9.02%,53.7,-26.87%,3.71%,,,,-0.25%,8.58K,,42.6,,,,,,,,5.25%
2006년 10월,"1,377.94",2.63%,1.64%,4.4%,,315.50K,4.24%,93.6,6.04%,2.85%,80.18%,8.56%,52.2,-27.65%,2.96%,,,,-0.47%,8.65K,1.99,41.7,5.27%,13.38%,-8.34%,98.37,42.37K,61.83%,6.07,5.25%
2006년 11월,"1,400.63",,1.53%,4.5%,,326.25K,3.65%,92.1,6.14%,1.66%,79.97%,8.23%,51.4,-30.79%,2.2%,,,,-0.57%,8.62K,,42.1,,,,,,,,5.25%
2006년 12월,"1,418.30",,1.55%,4.4%,,324.00K,4.85%,91.7,6.77%,2.17%,80.60%,7.35%,50.3,-22.74%,1.73%,,,,-0.31%,8.56K,,43.3,,,,,,,,5.24%
2007년 01월,"1,438.24",1.58%,1.51%,4.6%,,317.25K,1.75%,96.9,5.51%,1.66%,80.15%,6.75%,51.4,-26.49%,1.04%,,,,-0.29%,8.65K,1.99,44.6,5.1%,11.6%,-6.52%,95.15,42.77K,62.25%,6.09,5.25%
2007년 02월,"1,406.82",,1.35%,4.5%,,322.75K,2.74%,91.3,5.69%,2.58%,80.72%,6.94%,49.5,-25.36%,0.53%,,,,-0.60%,8.7K,,42.6,,,,,,,,5.26%
2007년 03월,"1,420.86",,1.28%,4.4%,3.39%,309.40K,3.17%,88.4,5.81%,2.53%,80.69%,6.17%,51.9,-24.65%,-0.31%,,,,-0.39%,8.73K,,40.7,,,,,,,,5.26%
2007년 04월,"1,482.37",1.93%,1.20%,4.5%,3.07%,320.25K,2.43%,87.1,5.69%,2.91%,81.07%,5.98%,50.7,-26.43%,-0.83%,,,,-0.28%,8.8K,1.98,42.5,5.09%,11.17%,-6.07%,97.22,43.59K,61.57%,6.11,5.25%
2007년 05월,"1,530.62",,1.28%,4.4%,3.53%,304.25K,4.07%,88.3,5.84%,2.98%,81.00%,5.49%,52.6,-21.63%,-1.35%,,,,0.17%,8.79K,,44.1,,,,,,,,5.25%
2007년 06월,"1,503.35",,1.27%,4.6%,3.61%,315.20K,2.69%,85.3,5.64%,2.71%,80.92%,5.18%,52.5,-24.64%,-1.63%,,,,0.21%,8.81K,,43.9,,,,,,,,5.25%
2007년 07월,"1,455.27",2.37%,1.11%,4.7%,3.2%,313.25K,2.8%,90.4,5.60%,2.64%,80.73%,4.78%,52.6,-22.80%,-1.96%,,,,-0.18%,8.83K,1.98,42.9,5.04%,14.25%,-11.46%,98.85,44.52K,61.85%,5.93,5.26%
2007년 08월,"1,473.99",,0.97%,4.6%,3.35%,320.00K,2.94%,83.4,5.43%,2.39%,80.81%,4.4%,52.8,-23.29%,-2.26%,,,,0.53%,8.91K,,44.9,,,,,,,,5.02%
2007년 09월,"1,526.75",,0.93%,4.7%,3.14%,313.40K,3.97%,83.4,5.64%,2.79%,80.94%,4.69%,50.9,-23.81%,-2.76%,,,,0.77%,8.96K,,42.7,,,,,,,,4.94%
2007년 10월,"1,549.38",2.13%,0.97%,4.7%,3.13%,328.25K,4.64%,80.9,5.51%,2.62%,80.68%,4.58%,51.0,-24.08%,-3.54%,,,,0.54%,8.96K,1.97,42.1,9.31%,14.31%,-1.08%,100.21,45.13K,62.72%,6,4.76%
2007년 11월,"1,481.14",,0.90%,4.7%,3.07%,336.00K,5.3%,76.1,5.43%,3.21%,81.11%,4.93%,51.1,-20.26%,-4.61%,,,,0.82%,8.93K,,42.6,,,,,,,,4.49%
2007년 12월,"1,468.36",,0.83%,5.0%,2.82%,348.20K,2.86%,75.5,5.14%,2.20%,81.14%,5.61%,50.1,-29.85%,-7.7,19,,,0.68%,8.94K,,43.5,,,,,,,,4.24%
2008년 01월,"1,378.55",1.39%,0.67%,5.0%,2.91%,338.75K,3.25%,78.4,4.99%,2.41%,81.05%,6.24%,50.9,-32.72%,-9,20,,,1.71%,9.05K,1.94,44.9,11.54%,14.91%,4.33%,99.11,46.01K,64.17%,6.12,3.94%
2008년 02월,"1,330.63",,0.56%,4.9%,2.85%,346.75K,2.13%,70.8,4.52%,1.06%,80.76%,6.23%,48.8,-36.55%,-10.7,20,,,1.68%,9.17K,,43.8,,,,,,,,2.98%
2008년 03월,"1,322.70",,0.34%,5.1%,3.09%,363.40K,1.6%,69.5,4.17%,0.57%,80.54%,6.14%,49.7,-39.41%,-12.7,20,,,2.07%,9.21K,,43.8,,,,,,,,2.61%
2008년 04월,"1,385.59",1.38%,0.14%,5.0%,2.84%,359.50K,1.74%,62.6,3.66%,-0.74%,80.04%,5.93%,48.5,-31.43%,-14.3,19,,,2.34%,9.29K,1.92,45,13.22%,17.41%,4.1%,98.78,46.32K,63.85%,5.97,2.28%
2008년 05월,"1,400.38",,-0.10%,5.4%,3.02%,366.80K,1.42%,59.8,8.15%,-1.44%,79.56%,5.54%,48.9,-33.36%,-15.2,18,,,2.17%,9.26K,,46.9,,,,,,,,1.98%
2008년 06월,"1,280.00",,-0.27%,5.6%,2.72%,383.25K,2.41%,56.4,6.13%,-1.72%,79.36%,5.71%,49.9,-16.13%,-15.8,16,,,2.09%,9.22K,,45.8,,,,,,,,2.00%
2008년 07월,"1,267.38",0.27%,-0.40%,5.8%,3.15%,398.00K,1.61%,61.2,4.68%,-1.96%,79.03%,6.12%,50.8,-32.33%,-15.9,16,,,2.31%,9.2K,1.9,46,12.21%,14.03%,8.01%,99.71,46.69K,67.28%,6.17,2.01%
2008년 08월,"1,282.83",,-0.58%,6.1%,3.33%,433.00K,0.26%,63.0,3.87%,-3.68%,77.73%,6.04%,50.1,-35.05%,-16.3,17,,,2.11%,9.21K,,45.8,,,,,,,,2.00%
2008년 09월,"1,166.36",,-0.97%,6.1%,3.28%,464.00K,-1.69%,70.3,3.49%,-8.13%,74.22%,4.61%,47.2,-36.80%,-16.6,14,,,2.93%,8.65K,,102.9,,,,,,,,1.81%
2008년 10월,968.75,-2.54%,-1.36%,6.5%,3.32%,475.25K,-5.77%,57.6,3.32%,-6.95%,74.87%,3.32%,38.2,-38.26%,-17.4,9,,,3.55%,7.02K,1.81,314.8,-6.11%,-2.88%,-13.87%,97.85,47.36K,73.25%,13.48,0.97%
2008년 11월,896.24,,-1.99%,6.8%,3.5%,519.80K,-10.32%,55.3,2.35%,-8.67%,73.78%,1.54%,39,-48.86%,-18.1,9,,,2.92%,5.57K,,609.1,,,,,,,,0.39%
2008년 12월,903.25,,-2.56%,7.3%,3.73%,564.00K,-11.4%,60.1,0.46%,-11.28%,71.61%,-1.51%,34.5,-51.78%,-18.2,8,-33.1,-19.25,2.14%,4.92K,,820.9,,,,,,,,0.16%
2009년 01월,825.88,-3.23%,-3.12%,7.8%,3.63%,572.00K,-10.23%,61.2,-0.84%,-13.37%,69.73%,-3.46%,36.4,-50.18%,-18.6,9,-30.07,47.14,2.63%,4.84K,1.73,860.2,-25.22%,-16.63%,-45.41%,99.21,47.56K,77.1%,13.35,0.15%
2009년 02월,735.09,,-3.62%,8.3%,3.34%,644.00K,-9.82%,56.3,-2.10%,-13.56%,69.23%,-5.32%,36.6,-44.97%,-19,9,-26.63,172.49,2.76%,5.33K,,701,,,,,,,,0.22%
2009년 03월,797.87,,-4.17%,8.7%,3.23%,659.25K,-11.65%,57.3,-2.84%,-14.66%,68.09%,-6.74%,37.2,-46.95%,-18.7,14,-26.02,168.12,2.50%,5.09K,,778.1,,,,,,,,0.18%
2009년 04월,872.81,-3.98%,-4.50%,9.0%,3.37%,627.75K,-11.1%,65.1,-2.38%,-14.81%,67.48%,-8.38%,39.9,-48.31%,-18.7,16,-27.25,93.22,3.02%,4.79K,1.71,881.7,-29.91%,-20.16%,-53.84%,99.03,47.26K,80.28%,14.37,0.15%
2009년 05월,919.14,,-4.63%,9.4%,3.03%,612.00K,-11.2%,68.7,-5.43%,-15.16%,66.77%,-9.55%,44.1,-44.12%,-18.1,15,,,3.33%,4.76K,,902.8,,,,,,,,0.18%
2009년 06월,919.32,,-4.86%,9.5%,2.88%,598.25K,-9.95%,70.8,-4.88%,-15.28%,66.51%,-11.28%,46.3,-49.07%,-17,17,,,3.34%,5.02K,,809.7,,,,,,,,0.21%
2009년 07월,987.48,-3.13%,-4.97%,9.5%,2.69%,566.50K,-9.23%,66.0,-4.13%,-14.02%,67.29%,-12.86%,49.7,-35.40%,-15.4,18,-11.24,115.17,3.34%,5.06K,1.71,796.5,-25.5%,-17.04%,-46.15%,99,46.03K,82.43%,13.85,0.16%
2009년 08월,"1,020.62",,-4.91%,9.6%,2.44%,559.20K,-6.86%,65.7,-3.34%,-11.69%,68.08%,-14.15%,53.4,-28.21%,-13.2,19,-20.98,39.83,3.25%,4.95K,,828.7,,,,,,,,0.16%
2009년 09월,"1,057.08",,-4.76%,9.8%,2.49%,547.50K,-7.8%,73.5,-3.08%,-6.81%,68.75%,-13.98%,54.9,-23.59%,-11.3,17,-15.9,57.95,3.17%,4.7K,,922.6,,,,,,,,0.15%
2009년 10월,"1,036.19",0.11%,-4.57%,10.0%,2.53%,525.40K,-3.33%,70.6,-3.03%,-7.47%,69.04%,-12.6%,57.6,-20.79%,-9.3,17,-14.72,124.78,3.36%,4.38K,1.72,1.06K,-6.53%,0.19%,-24.7%,98.96,44.21K,84.03%,14.75,0.12%
2009년 11월,"1,095.63",,-4.05%,9.9%,2.2%,494.00K,1.45%,67.4,-2.08%,-5.83%,69.45%,-10.98%,55.4,-0.48%,-7.3,16,-33.53,-57.08,3.15%,4.21K,,1.14K,,,,,,,,0.12%
2009년 12월,"1,115.10",,-3.74%,9.9%,1.91%,485.50K,4.3%,72.5,-0.41%,-2.70%,69.85%,-9.18%,55.8,19.86%,-5.4,15,-26.74,-33,3.79%,4.2K,,1.14K,,,,,,,,0.12%
2010년 01월,"1,073.87",1.75%,-3.19%,9.8%,2%,479.80K,2.82%,74.4,1.17%,0.87%,70.75%,-7.9%,56.3,16.70%,-3.1,17,-21.44,-27.99,3.55%,4.25K,1.74,1.11K,17.4%,16.41%,20.95%,94.5,43.73K,86.51%,15.22,0.11%
2010년 02월,"1,104.49",,-2.71%,9.8%,2.18%,485.75K,3.41%,73.6,2.17%,1.87%,71.16%,-5.93%,55.5,16.49%,-0.7,15,-9.26,-57.45,3.48%,4.03K,,1.23K,,,,,,,,0.13%
2010년 03월,"1,169.43",,-1.98%,9.9%,1.86%,470.25K,7.54%,73.6,3.06%,4.20%,71.80%,-4.11%,58.8,33.92%,0.7,19,2.5,-57.68,3.68%,4.1K,,1.18K,,,,,,,,0.16%
2010년 04월,"1,186.69",2.91%,-1.29%,9.9%,1.76%,469.00K,7.88%,72.2,3.60%,5.43%,72.19%,-2.45%,58.1,22.26%,2.3,22,-27.63,-16.27,3.53%,4.25K,1.74,1.12K,25.69%,19.63%,51.38%,94.08,42.7K,88.13%,15.56,0.20%
2010년 05월,"1,089.41",,-0.63%,9.6%,1.76%,459.40K,6.07%,73.6,2.99%,7.94%,73.31%,-1.06%,57.4,3.42%,3.8,16,-36.53,51.61,3.15%,4.28K,,1.11K,,,,,,,,0.20%
2010년 06월,"1,030.71",,-0.38%,9.4%,1.76%,460.50K,4.3%,76.0,4.22%,8.55%,73.59%,0.96%,56.5,-2.33%,4.6,14,-33.42,94.99,2.79%,4.31K,,1.1K,,,,,,,,0.18%
2010년 07월,"1,101.60",3.34%,-0.19%,9.4%,1.85%,459.20K,4.18%,67.8,4.92%,7.75%,74.00%,3.09%,56.1,-2.69%,4.2,13,-39.19,121.39,2.79%,4.33K,1.74,1.09K,20.43%,17.72%,30.65%,93.59,42.54K,89.57%,15.36,0.18%
2010년 08월,"1,049.33",,-0.04%,9.5%,1.75%,475.00K,2.83%,68.9,5.34%,6.97%,74.39%,5.32%,56.4,-5.84%,3.2,13,-32.77,50.08,2.33%,4.36K,,1.09K,,,,,,,,0.19%
2010년 09월,"1,141.20",,0.07%,9.5%,1.8%,453.50K,6.4%,68.2,5.08%,6.35%,74.71%,6.97%,55.3,-7.55%,1.6,15,-30.8,96.65,2.37%,4.45K,,1.05K,,,,,,,,0.19%
2010년 10월,"1,183.26",2.78%,0.43%,9.4%,1.88%,446.80K,6.46%,67.7,5.42%,5.76%,74.58%,7.57%,56.9,-4.29%,0.4,16,-8.11,34.59,2.51%,4.47K,1.74,1.04K,14.65%,15.77%,10.64%,93.49,41.64K,91.61%,14.99,0.19%
2010년 11월,"1,180.55",,0.53%,9.8%,1.75%,426.25K,6.56%,71.6,5.24%,5.40%,74.71%,7.58%,57.3,-10.11%,-0.9,16,-5.58,-29.52,2.64%,4.45K,,1.04K,,,,,,,,0.19%
2010년 12월,"1,257.64",,0.79%,9.3%,1.74%,420.25K,6.86%,74.5,5.62%,6.00%,75.50%,9%,56.6,-4.82%,-1.6,16,-18.46,-10.93,3.18%,4.37K,,1.08K,,,,,,,,0.18%
2011년 01월,"1,286.12",2.04%,0.80%,9.1%,2.1%,426.80K,7.46%,74.2,6.63%,4.63%,75.37%,9.69%,59.1,-9.43%,-2.4,16,-15.7,-26.07,3.27%,4.32K,1.72,1.11K,14.98%,15.94%,11.64%,90.03,41.7K,92.96%,15.92,0.17%
2011년 02월,"1,327.22",,1.04%,9.0%,1.83%,401.50K,8.21%,77.5,7.24%,3.83%,75.09%,9.73%,59.2,-16.62%,-3.1,17,-21.89,-21.08,3.27%,4.03K,,1.26K,,,,,,,,0.16%
2011년 03월,"1,325.83",,1.09%,9.0%,1.83%,406.00K,6.86%,67.5,6.87%,4.19%,75.87%,10.47%,58.4,-15.14%,-3.5,16,-17.88,-13.41,3.38%,3.75K,,1.43K,,,,,,,,0.14%
2011년 04월,"1,363.61",1.74%,1.14%,9.1%,1.87%,420.60K,6.56%,69.8,6.20%,3.51%,75.61%,11.06%,57.9,-8.79%,-4,16,6.62,-23.29,3.28%,3.62K,1.71,1.53K,14.18%,16.29%,7.11%,89.74,41.81K,92.19%,17.3,0.10%
2011년 05월,"1,345.20",,0.81%,9.0%,2.04%,422.50K,7.39%,74.3,5.54%,2.25%,75.67%,12.06%,54.8,7.48%,-4.2,13,8.88,-19.16,2.99%,3.55K,,1.59K,,,,,,,,0.09%
2011년 06월,"1,320.64",,1.09%,9.1%,2.09%,418.25K,8.39%,71.5,5.94%,2.37%,75.84%,11.71%,55.8,8.35%,-4.5,15,12.13,-34.39,3.15%,3.47K,,1.67K,,,,,,,,0.09%
2011년 07월,"1,292.28",0.94%,1.21%,9.0%,2.3%,412.60K,8.01%,63.7,6.25%,2.48%,76.14%,11.26%,52.9,7.25%,-4.4,15,4.34,-22.11,2.72%,3.48K,1.65,1.7K,12.04%,14.89%,2.38%,89.68,42.2K,94.52%,18.3,0.07%
2011년 08월,"1,218.89",,1.31%,9.0%,1.95%,409.50K,7.64%,55.8,5.91%,2.80%,76.57%,10.83%,52.6,11.55%,-4,14,-2.86,-1.14,2.21%,3.59K,,1.67K,,,,,,,,0.10%
2011년 09월,"1,131.42",,1.54%,9.0%,1.94%,417.75K,7.91%,59.5,5.75%,2.41%,76.40%,9.26%,53.7,8.35%,-3.7,17,-2.66,-23.33,1.90%,3.62K,,1.64K,,,,,,,,0.08%
2011년 10월,"1,253.30",1.54%,1.48%,8.8%,1.98%,402.40K,7.3%,60.8,5.37%,3.42%,76.81%,8.98%,51.4,20.25%,-3.6,19,-6.29,-25.28,2.16%,3.63K,1.64,1.64K,10.27%,9.03%,14.94%,89.62,42.38K,96.09%,17.96,0.07%
2011년 11월,"1,246.96",,1.48%,8.6%,2.02%,389.25K,6.67%,63.7,5.12%,3.32%,76.68%,8.64%,51.8,26.07%,-3.6,21,-9.83,72.65,2.07%,3.7K,,1.59K,,,,,,,,0.08%
2011년 12월,"1,257.60",,1.57%,8.5%,2.02%,377.00K,6.08%,69.9,5.25%,2.86%,76.95%,8.06%,53,10.28%,-3.9,25,5.12,111.86,1.87%,3.7K,,1.6K,,,,,,,,0.07%
2012년 01월,"1,312.41",2.64%,1.84%,8.3%,1.71%,377.75K,6.35%,75.0,4.21%,3.69%,77.27%,7.65%,54.2,23.61%,-4.1,28,5.55,119.39,1.77%,3.69K,1.64,1.62K,7.03%,7.33%,5.94%,85.66,42.07K,97.12%,18.17,0.08%
2012년 02월,"1,365.68",,1.87%,8.3%,1.79%,363.25K,6.76%,75.3,4.37%,4.44%,77.37%,7.83%,53.3,36.16%,-4,28,0.42,60.9,1.90%,3.64K,,1.66K,,,,,,,,0.10%
2012년 03월,"1,408.47",,1.88%,8.2%,2.14%,366.60K,6.18%,76.2,4.71%,2.83%,76.82%,6.99%,53.5,38.25%,-3.6,24,-12.46,98.46,2.16%,3.71K,,1.61K,,,,,,,,0.13%
2012년 04월,"1,397.91",2.40%,1.69%,8.2%,2.1%,381.75K,5.16%,76.4,4.96%,3.90%,77.22%,6.61%,55.2,25.99%,-2.6,28,-6.26,75.65,1.85%,3.75K,1.63,1.59K,3.1%,4.7%,-2.73%,85.49,42.14K,97.83%,17.69,0.14%
2012년 05월,"1,310.33",,1.69%,8.2%,1.92%,373.50K,5.07%,79.3,4.62%,4.02%,77.25%,5.61%,53.2,28.80%,-1.8,29,-4.28,90.4,1.52%,3.8K,,1.56K,,,,,,,,0.16%
2012년 06월,"1,362.16",,1.58%,8.2%,2%,379.20K,3.28%,73.2,4.07%,3.71%,77.11%,5.56%,49.5,24.84%,-0.5,35,-3.62,110.53,1.58%,3.83K,,1.56K,,,,,,,,0.16%
2012년 07월,"1,379.32",2.57%,1.64%,8.2%,1.64%,372.50K,3.79%,72.3,2.82%,3.42%,77.14%,5.92%,49.6,36.71%,0.6,37,1.12,12.85,1.40%,3.8K,1.61,1.58K,0.99%,3.29%,-7.76%,85.54,42.68K,98.45%,17.44,0.16%
2012년 08월,"1,406.58",,1.68%,8.1%,1.82%,373.25K,4.97%,74.3,2.75%,2.29%,76.67%,5.81%,49,29.83%,1.2,40,5.89,16.08,1.48%,3.83K,,1.58K,,,,,,,,0.13%
2012년 09월,"1,440.67",,1.64%,7.8%,1.99%,381.80K,4.64%,78.3,3.82%,2.30%,76.48%,7.05%,50.8,52.46%,2,41,7.86,25.91,1.55%,3.94K,,1.52K,,,,,,,,0.14%
2012년 10월,"1,412.16",1.55%,1.60%,7.8%,1.64%,368.50K,4%,82.6,4.79%,1.94%,76.62%,6.1%,50.5,32.19%,3,45,7.39,61.42,1.61%,3.94K,1.58,1.53K,0.05%,4.06%,-14.28%,85.37,43.4K,100.07%,17.19,0.16%
2012년 11월,"1,416.18",,1.61%,7.7%,1.9%,401.25K,4.25%,82.7,6.04%,2.33%,76.78%,6.03%,48,29.89%,4.3,47,9.03,28.5,1.54%,3.91K,,1.55K,,,,,,,,0.16%
2012년 12월,"1,426.19",,1.64%,7.9%,2.15%,359.00K,4.46%,72.9,7.62%,2.03%,76.84%,5.84%,50.1,35.01%,5.5,47,14.23,3.51,1.73%,3.92K,,1.57K,,,,,,,,0.16%
2013년 01월,"1,498.11",1.70%,1.51%,8.0%,2.06%,353.00K,4.36%,73.8,1.83%,1.45%,76.75%,6.14%,53.3,32.02%,6.9,46,4.05,-2.83,1.95%,3.83K,1.58,1.64K,-1.32%,3.01%,-17.09%,82,43.08K,100.74%,18.07,0.14%
2013년 02월,"1,514.68",,1.53%,7.7%,2.15%,353.00K,4.28%,77.6,1.24%,1.59%,77.00%,5.41%,54.2,32.79%,8.1,44,9.92,29.02,1.78%,3.7K,,1.73K,,,,,,,,0.15%
2013년 03월,"1,569.19",,1.45%,7.5%,1.88%,351.80K,3.18%,78.6,0.97%,2.53%,77.21%,5%,51.9,16.13%,9.3,41,17.85,26.45,1.80%,3.61K,,1.81K,,,,,,,,0.14%
2013년 04월,"1,597.57",1.52%,1.53%,7.6%,2.05%,347.25K,3.1%,76.4,0.77%,1.71%,77.06%,4.7%,51,38.25%,10.7,44,13.47,-15.16,1.65%,3.52K,1.57,1.88K,-0.76%,2.07%,-11.83%,82.13,43.69K,100.06%,19.84,0.15%
2013년 05월,"1,630.74",,1.62%,7.5%,2.05%,347.75K,3.91%,84.5,1.46%,1.56%,77.03%,4.17%,50.8,26.01%,12,51,15.86,-38.41,2.12%,3.42K,,1.98K,,,,,,,,0.11%
2013년 06월,"1,606.28",,1.69%,7.5%,2.13%,344.60K,5.16%,84.1,1.78%,1.76%,77.11%,3.96%,51.1,18.64%,12.1,56,2.95,-58.47,2.48%,3.34K,,2.06K,,,,,,,,0.09%
2013년 07월,"1,685.73",2.24%,1.67%,7.3%,2.09%,346.00K,5.28%,85.1,2.32%,1.24%,76.80%,3.39%,53.8,17.43%,12,58,5.28,-56.93,2.56%,3.26K,1.57,2.15K,0.59%,2.58%,-7.84%,82.46,44.12K,98.73%,21.07,0.09%
2013년 08월,"1,632.97",,1.72%,7.2%,2.3%,333.40K,3.84%,82.1,2.53%,2.26%,77.18%,3.52%,54,14.76%,12.3,57,7.27,-61.61,2.75%,3.18K,,2.25K,,,,,,,,0.08%
2013년 09월,"1,681.55",,1.71%,7.2%,2.08%,314.00K,3.11%,77.5,1.92%,2.85%,77.50%,3.29%,54.6,7.96%,12.8,54,-0.38,-50.48,2.62%,3.12K,,2.33K,,,,,,,,0.08%
2013년 10월,"1,756.54",3.01%,1.76%,7.2%,2.25%,358.50K,3.5%,73.2,0.73%,2.42%,77.38%,3.86%,54.6,17.70%,10.83%,54,-6.74,-57.54,2.53%,3.06K,1.56,2.43K,1.09%,4.99%,-15.87%,83.46,44.12K,99.79%,22.36,0.09%
2013년 11월,"1,805.81",,1.85%,6.9%,2.24%,328.20K,3.22%,75.1,-0.15%,2.28%,77.50%,4.09%,55.5,12.21%,13.6,57,-14.85,-68.04,2.69%,2.98K,,2.52K,,,,,,,,0.08%
2013년 12월,"1,848.36",,1.70%,6.7%,1.94%,346.00K,3.42%,82.5,-2.16%,2.25%,77.59%,4.22%,56.5,6.80%,13.7,56,-11.13,-62.74,2.97%,2.98K,,2.54K,,,,,,,,0.09%
2014년 01월,"1,782.59",1.65%,1.70%,6.6%,2.02%,326.75K,1.76%,81.2,3.52%,1.86%,77.25%,3.76%,52.5,3.83%,13.4,46,-14.93,-64.51,2.65%,2.99K,1.54,2.56K,3.57%,3.89%,2.15%,79.98,44.84K,102.35%,23.85,0.07%
2014년 02월,"1,859.45",,1.60%,6.7%,2.31%,335.25K,1.86%,81.6,3.99%,2.15%,77.77%,4.19%,55,6.02%,13.2,46,-16.95,-67.72,2.61%,2.92K,,2.65K,,,,,,,,0.07%
2014년 03월,"1,872.34",,1.69%,6.7%,2.14%,321.00K,3.69%,80.0,4.47%,2.72%,78.46%,4.7%,55.9,14.00%,12.9,46,-22.15,-73.03,2.68%,2.89K,,2.68K,,,,,,,,0.08%
2014년 04월,"1,883.95",2.69%,1.78%,6.2%,1.97%,322.75K,5.27%,84.1,4.65%,2.91%,78.47%,4.83%,56.6,7.71%,12.4,45,-15.43,-61.9,2.64%,2.87K,1.54,2.71K,5.1%,5.92%,1.41%,80.4,44.68K,100.65%,24.52,0.09%
2014년 05월,"1,923.57",,1.78%,6.3%,2.13%,313.80K,4.81%,81.9,4.53%,3.23%,78.70%,5.59%,55.7,1.50%,10.8,49,-17.88,-56.51,2.44%,2.9K,,2.69K,,,,,,,,0.09%
2014년 06월,"1,960.23",,1.89%,6.1%,2.09%,313.50K,4.75%,82.5,4.80%,3.37%,78.90%,5.6%,55,7.22%,9.3,53,-12,-40.99,2.49%,2.89K,,2.72K,,,,,,,,0.10%
2014년 07월,"1,930.67",3.06%,1.97%,6.2%,2.09%,301.75K,4.34%,81.8,5.32%,3.92%,78.99%,5.66%,55.1,7.92%,8.1,55,-11.09,-25.41,2.55%,2.87K,1.55,2.76K,4.39%,4.99%,1.51%,80.36,44.68K,100.11%,24.75,0.09%
2014년 08월,"2,003.37",,1.92%,6.1%,2.16%,302.00K,5.29%,82.5,5.50%,3.13%,78.77%,5.5%,56.3,8.61%,6.7,59,-15.85,-31.32,2.32%,2.82K,,2.84K,,,,,,,,0.09%
2014년 09월,"1,972.29",,2.00%,5.9%,2.08%,295.00K,4.91%,84.6,5.43%,2.90%,78.92%,5.01%,55.7,7.27%,5.6,54,-15.88,-22.43,2.50%,2.84K,,2.81K,,,,,,,,0.09%
2014년 10월,"2,018.05",2.69%,2.01%,5.7%,2.08%,288.75K,4.98%,86.9,6.15%,2.99%,78.87%,4.62%,56.2,4.79%,4.7,58,-11.02,-20.26,2.34%,2.9K,1.54,2.76K,4.44%,1.15%,22.29%,80.74,45.39K,101.28%,25.05,0.09%
2014년 11월,"2,067.56",,2.02%,5.8%,2.07%,291.60K,4.98%,88.8,6.22%,3.39%,79.30%,4.3%,56.3,2.92%,4.4,58,-9.61,-19.48,2.16%,3.04K,,2.58K,,,,,,,,0.09%
2014년 12월,"2,058.90",,2.18%,5.6%,1.86%,284.50K,3.69%,93.6,6.34%,3.17%,79.24%,3.61%,55.7,6.67%,4.2,57,2.13,58.36,2.13%,2.98K,,2.67K,,,,,,,,0.12%
2015년 01월,"1,994.99",3.97%,2.19%,5.7%,2.15%,287.60K,4.04%,98.1,6.00%,2.73%,78.58%,3.25%,53.9,7.48%,4.3,55,9.81,27.77,1.66%,2.94K,1.52,2.75K,-0.99%,-1.9%,3.2%,77.58,45.93K,100.49%,24.91,0.11%
2015년 02월,"2,104.50",,2.26%,5.5%,1.89%,301.25K,2.49%,95.4,5.93%,1.30%,78.06%,3.03%,53,8.47%,4.4,52,2.7,34.93,1.98%,3.1K,,2.56K,,,,,,,,0.11%
2015년 03월,"2,067.89",,2.13%,5.4%,2.22%,284.00K,2.95%,93.0,5.22%,-0.00%,77.78%,2.75%,52.1,0.47%,4.9,56,20.75,46.01,1.91%,2.96K,,2.73K,,,,,,,,0.11%
2015년 04월,"2,085.51",3.28%,2.10%,5.4%,2.26%,286.00K,2.1%,95.9,5.12%,-0.64%,77.35%,2.7%,51.9,6.97%,4.9,54,13.14,8.4,2.04%,2.94K,1.52,2.76K,-3.12%,-3.95%,0.82%,78.28,46.58K,99.3%,24.46,0.12%
2015년 05월,"2,107.39",,2.18%,5.6%,2.34%,274.00K,2.72%,90.7,5.13%,-1.46%,77.01%,2.47%,52.9,24.95%,4.9,60,17.8,4.33,2.11%,3.03K,,2.64K,,,,,,,,0.12%
2015년 06월,"2,063.11",,2.06%,5.3%,2.09%,273.75K,2.49%,96.1,4.87%,-2.11%,76.78%,2.89%,52.5,36.53%,4.9,60,17.43,6.02,2.34%,3.07K,,2.61K,,,,,,,,0.13%
2015년 07월,"2,103.84",2.45%,2.10%,5.2%,2.17%,277.75K,3.24%,93.1,4.71%,-1.69%,77.29%,2.6%,52,5.95%,4.8,61,17.99,16.7,2.12%,3.05K,1.52,2.65K,-3.11%,-5.77%,9.96%,78.94,46.94K,98.64%,24.38,0.13%
2015년 08월,"1,972.18",,2.05%,5.1%,2.28%,275.20K,2.43%,91.9,4.41%,-1.69%,77.17%,2.4%,50.2,11.27%,4.9,61,19.73,30.71,2.13%,3.04K,,2.67K,,,,,,,,0.14%
2015년 09월,"1,920.03",,1.94%,5.0%,2.24%,269.50K,2.25%,87.2,4.14%,-2.24%,76.98%,2.45%,50.1,6.22%,5,65,23.2,-0.43,2.06%,3.02K,,2.7K,,,,,,,,0.14%
2015년 10월,"2,079.36",2.12%,1.99%,5.0%,2.48%,267.00K,1.57%,90.0,3.90%,-2.73%,76.63%,2.39%,49.1,6.03%,5.2,62,23.66,4.13,2.08%,3.01K,1.5,2.73K,-5.55%,-6.48%,-1.42%,78.98,47.39K,102.64%,24.35,0.12%
2015년 11월,"2,080.41",,1.94%,5.1%,2.39%,268.50K,1.66%,91.3,3.45%,-4.03%,76.08%,1.91%,49.1,17.47%,5.3,60,44.88,9.46,1.99%,3.07K,,2.66K,,,,,,,,0.12%
2015년 12월,"2,043.94",,1.93%,5.0%,2.52%,271.00K,2.8%,92.6,3.28%,-4.50%,75.72%,1.83%,48.7,12.97%,5.6,61,24.11,-30.05,2.11%,3.23K,,2.48K,,,,,,,,0.24%
2016년 01월,"1,940.24",1.80%,1.88%,4.8%,2.55%,279.60K,2.63%,92.0,3.05%,-3.24%,76.12%,1.85%,47.6,11.63%,5.6,58,28.03,21.79,1.61%,3.3K,1.47,2.44K,-4.67%,-5.09%,-2.8%,76.94,48.21K,103.99%,24.19,0.34%
2016년 02월,"1,932.23",,1.83%,4.9%,2.38%,266.75K,3.75%,91.7,2.50%,-3.12%,75.73%,1.25%,49.2,3.99%,5.6,58,27.92,-7.65,1.41%,3.25K,,2.51K,,,,,,,,0.38%
2016년 03월,"2,059.74",,1.94%,5.0%,2.41%,263.25K,1.89%,91.0,2.73%,-3.52%,75.16%,1.41%,51,4.29%,5.4,58,14.41,11.77,1.57%,3.25K,,2.52K,,,,,,,,0.36%
2016년 04월,"2,065.30",1.49%,1.88%,5.1%,2.57%,266.00K,2.25%,89.0,2.51%,-2.66%,75.40%,1.39%,51.3,-0.51%,5.4,58,16.58,30.42,1.61%,3.29K,1.46,2.49K,-3.51%,-3.41%,-3.96%,77.63,48.01K,103.58%,23.91,0.37%
2016년 05월,"2,096.95",,1.67%,4.8%,2.44%,274.50K,1.74%,94.7,2.17%,-2.45%,75.20%,1.42%,51.4,-5.27%,5.4,60,8.23,54.82,1.50%,3.34K,,2.44K,,,,,,,,0.37%
2016년 06월,"2,098.86",,1.72%,4.9%,2.6%,265.25K,2.81%,93.5,2.21%,-1.68%,75.53%,0.83%,52.2,-12.40%,5.2,58,12.17,71.76,1.23%,3.36K,,2.43K,,,,,,,,0.38%
2016년 07월,"2,173.60",1.81%,1.78%,4.8%,2.72%,259.40K,1.78%,90.0,2.40%,-2.20%,75.58%,0.87%,52.7,5.09%,5.1,59,8.76,49.86,1.18%,3.42K,1.46,2.37K,-1.7%,0.41%,-10.57%,78.52,47.99K,103.6%,23.63,0.39%
2016년 08월,"2,170.95",,1.78%,4.9%,2.43%,263.50K,1.83%,89.8,2.45%,-2.16%,75.43%,0.73%,49.8,3.09%,5,65,10.24,34.04,1.25%,3.4K,,2.41K,,,,,,,,0.40%
2016년 09월,"2,168.27",,1.89%,5.0%,2.63%,251.50K,3%,91.2,2.75%,-1.99%,75.31%,0.69%,51.1,13.90%,5,63,8.68,24.28,1.31%,3.49K,,2.33K,,,,,,,,0.40%
2016년 10월,"2,126.15",2.18%,1.74%,4.9%,2.78%,255.80K,3.45%,87.2,2.89%,-1.50%,75.29%,0.64%,51.8,8.10%,5,63,10.34,-8.87,1.50%,3.67K,1.45,2.16K,1.95%,2.07%,1.45%,79.06,47.3K,104.65%,23.33,0.40%
2016년 11월,"2,198.81",,1.66%,4.7%,2.57%,245.75K,3.09%,93.8,3.15%,-1.19%,74.95%,1.46%,53.2,-1.13%,5,69,4.76,-12.55,1.89%,3.64K,,2.2K,,,,,,,,0.41%
2016년 12월,"2,238.83",,1.63%,4.7%,2.69%,252.20K,3.88%,98.2,3.28%,-0.02%,75.44%,1.87%,54.4,3.06%,5.1,67,,,1.94%,3.75K,,2.1K,,,,,,,,0.54%
2017년 01월,"2,278.87",2.09%,1.69%,4.7%,2.48%,244.00K,5.68%,98.5,3.81%,-0.80%,75.23%,2.13%,55.7,11.27%,5.4,65,,,1.93%,3.7K,1.44,2.16K,6.66%,7.23%,4.25%,76.1,47.69K,102.94%,23.1,0.65%
2017년 02월,"2,363.64",,1.70%,4.6%,2.72%,230.25K,4.78%,96.3,4.25%,-0.69%,74.93%,2.56%,57.7,5.29%,5.7,71,,,1.83%,3.58K,,2.3K,,,,,,,,0.66%
2017년 03월,"2,362.72",,1.61%,4.4%,2.59%,233.75K,4.94%,96.9,4.34%,0.72%,75.44%,2.4%,56.5,13.77%,5.9,68,,,1.64%,3.49K,,2.39K,,,,,,,,0.79%
2017년 04월,"2,384.20",2.33%,1.61%,4.4%,2.55%,227.80K,4.73%,97.0,4.55%,1.40%,76.24%,1.99%,55.8,7.84%,5.9,69,,,1.49%,3.54K,1.43,2.34K,7.08%,5.75%,13.1%,76.88,47.99K,102.09%,23,0.90%
2017년 05월,"2,411.80",,1.72%,4.4%,2.46%,239.00K,3.88%,97.1,5.05%,1.75%,76.37%,1.93%,56.4,0.25%,5.7,66,,,1.23%,3.59K,,2.29K,,,,,,,,0.91%
2017년 06월,"2,423.41",,1.69%,4.3%,2.5%,248.00K,3.31%,95.0,4.95%,1.48%,76.58%,2.37%,56.2,12.00%,5.7,64,,,1.28%,3.61K,,2.27K,,,,,,,,1.04%
2017년 07월,"2,470.30",2.41%,1.56%,4.3%,2.57%,250.80K,3.4%,93.4,4.87%,1.12%,76.45%,2.68%,56.5,4.84%,5.6,67,3.7,-41.42,1.23%,3.59K,1.44,2.3K,5.99%,5.05%,10.45%,77.64,47.82K,102.8%,22.67,1.15%
2017년 08월,"2,471.65",,1.56%,4.4%,2.57%,247.75K,3.57%,96.8,5.04%,0.85%,76.21%,3.23%,58.4,9.83%,5.8,64,3.68,-36.41,1.11%,3.5K,,2.41K,,,,,,,,1.16%
2017년 09월,"2,519.36",,1.41%,4.3%,2.79%,272.40K,5%,95.1,5.27%,1.06%,76.36%,3.26%,60,-2.30%,5.8,68,9.72,-36.04,1.27%,3.55K,,2.36K,,,,,,,,1.15%
2017년 10월,"2,575.26",2.99%,1.44%,4.2%,2.32%,242.25K,4.9%,100.7,5.43%,2.29%,77.38%,3.23%,58.6,8.13%,6.1,69,4.75,-18.01,1.23%,3.6K,1.45,2.31K,8.39%,9.29%,4.54%,78.63,47.81K,102.27%,22.26,1.15%
2017년 11월,"2,647.58",,1.51%,4.2%,2.47%,247.75K,5.96%,98.5,5.52%,2.97%,77.63%,3.05%,57.6,5.61%,6.3,74,1.3,11.44,1.15%,3.54K,,2.38K,,,,,,,,1.16%
2017년 12월,"2,673.61",,1.45%,4.1%,2.7%,242.60K,5.29%,95.9,5.41%,2.47%,77.85%,3.22%,59.7,5.05%,6.4,72,,,1.01%,3.6K,,2.31K,,,,,,,,1.30%
2018년 01월,"2,823.81",3.33%,1.40%,4.0%,2.77%,235.25K,3.66%,95.7,5.21%,2.74%,77.91%,3.51%,59.4,1.07%,6.3,71,,,1.26%,3.63K,1.46,2.28K,7.66%,7.59%,7.99%,74.9,47.63K,103.74%,21.74,1.41%
2018년 02월,"2,713.83",,1.51%,4.1%,2.57%,221.00K,4.25%,99.7,5.14%,3.40%,78.15%,3.89%,60.9,7.05%,6.4,70,,,1.22%,3.62K,,2.31K,,,,,,,,1.42%
2018년 03월,"2,640.87",,1.58%,4.0%,2.83%,225.80K,4.41%,101.4,5.20%,3.22%,78.57%,3.7%,58.8,8.88%,6.7,68,,,1.01%,3.69K,,2.23K,,,,,,,,1.51%
2018년 04월,"2,648.05",3.30%,1.54%,4.0%,2.79%,221.50K,4.06%,98.8,5.18%,3.31%,79.46%,4.1%,58.6,10.15%,6.7,70,,,1.08%,3.77K,1.46,2.15K,6.99%,9.04%,-1.75%,75.51,48.87K,102.98%,21.25,1.69%
2018년 05월,"2,705.27",,1.61%,3.8%,2.94%,221.25K,6.31%,98.0,5.02%,2.26%,78.75%,4.01%,59,10.76%,6.6,68,,,0.90%,3.83K,,2.09K,,,,,,,,1.70%
2018년 06월,"2,718.37",,1.62%,4.0%,2.93%,222.60K,5.4%,98.2,5.33%,2.84%,79.36%,3.72%,59.9,-0.59%,6.4,68,,,0.92%,3.87K,,2.05K,,,,,,,,1.82%
2018년 07월,"2,816.29",3.13%,1.53%,3.8%,2.85%,209.50K,6.03%,97.9,5.53%,3.25%,79.46%,3.98%,58.1,6.21%,6.3,67,2.68,-33.38,0.93%,3.92K,1.46,2.01K,8.15%,6.33%,16.32%,76.32,48.92K,103.45%,20.57,1.91%
2018년 08월,"2,901.52",,1.60%,3.8%,3.19%,208.50K,5.88%,96.2,5.56%,4.35%,79.93%,3.97%,60.5,-3.49%,5.8,67,4.07,-34.5,0.75%,3.97K,,1.98K,,,,,,,,1.91%
2018년 09월,"2,913.98",,1.60%,3.7%,3.13%,205.20K,3.32%,100.1,5.06%,4.31%,79.93%,4.4%,59.3,3.22%,5.5,68,-1.36,-34.87,0.86%,4K,,1.94K,,,,,,,,1.95%
2018년 10월,"2,711.74",2.13%,1.62%,3.8%,3.28%,213.00K,4.27%,98.6,4.84%,2.93%,79.78%,4.9%,58.1,-6.19%,5.1,60,1.27,-34.64,0.81%,4.05K,1.46,1.9K,4.54%,2.35%,14.29%,76.96,49.17K,105.05%,19.79,2.19%
2018년 11월,"2,760.17",,1.52%,3.8%,3.39%,225.25K,3.72%,97.5,4.70%,2.77%,79.77%,4.39%,58.6,3.16%,4.9,56,1.84,-32.91,0.64%,4.11K,,1.84K,,,,,,,,2.20%
2018년 12월,"2,506.85",,1.55%,3.9%,3.49%,224.60K,1.14%,98.3,5.59%,2.59%,79.71%,4.78%,54.9,0.46%,4.5,58,4.19,-18.49,0.24%,4.23K,,1.76K,,,,,,,,2.27%
2019년 01월,"2,704.10",1.93%,1.63%,4.0%,3.26%,222.75K,1.87%,91.2,5.47%,1.91%,79.10%,5.04%,55.7,-4.78%,4,62,3.17,-2.97,0.22%,4.32K,1.46,1.71K,1.27%,0.91%,2.82%,73.94,49.76K,104.34%,19.13,2.40%
2019년 02월,"2,784.49",,1.36%,3.8%,3.55%,222.50K,1.59%,93.8,5.51%,1.11%,78.59%,4.85%,54.4,-2.65%,3.4,62,3.84,8.5,0.28%,4.33K,,1.71K,,,,,,,,2.40%
2019년 03월,"2,834.40",,1.36%,3.8%,3.43%,211.80K,3.14%,98.4,5.55%,0.65%,78.53%,4.92%,54.9,-6.50%,2.8,63,2.63,12.88,0.01%,4.31K,,1.73K,,,,,,,,2.41%
2019년 04월,"2,945.83",2.24%,1.46%,3.7%,3.27%,209.75K,3.14%,97.2,5.41%,-1.02%,77.99%,5.13%,53.6,-4.06%,2.5,66,6.88,29.33,0.08%,4.44K,1.46,1.62K,1.91%,-0.57%,13.63%,74.89,49.68K,102.92%,18.36,2.42%
2019년 05월,"2,752.06",,1.26%,3.6%,3.34%,218.50K,2.6%,100.0,5.07%,-0.01%,78.00%,5.16%,52.6,0.67%,2.5,64,9.01,91.9,-0.21%,4.53K,,1.58K,,,,,,,,2.39%
2019년 06월,"2,941.76",,1.26%,3.6%,3.48%,225.20K,3.06%,98.2,4.78%,-0.74%,77.95%,5.11%,51.5,-3.42%,2.3,65,3.05,81.19,-0.12%,4.52K,,1.6K,,,,,,,,2.38%
2019년 07월,"2,980.38",2.80%,1.29%,3.7%,3.43%,208.50K,3.23%,98.4,4.29%,-1.38%,77.49%,4.77%,51,3.37%,2.1,67,1.74,167.14,-0.06%,4.57K,1.45,1.58K,-1.14%,-0.12%,-5.29%,75.83,49.88K,104.61%,17.4,2.40%
2019년 08월,"2,926.46",,1.27%,3.6%,3.42%,211.00K,3.87%,89.8,4.35%,-1.34%,77.95%,4.23%,48.5,16.42%,2,68,8.74,103.63,-0.49%,4.58K,,1.59K,,,,,,,,2.13%
2019년 09월,"2,976.74",,1.34%,3.5%,3.07%,209.50K,3.62%,93.2,4.43%,-1.74%,77.62%,3.55%,48.1,11.80%,2,71,9.92,133.66,-0.20%,4.7K,,1.5K,,,,,,,,2.04%
2019년 10월,"3,037.56",3.35%,1.29%,3.6%,3.18%,212.25K,2.87%,95.5,4.49%,-2.46%,76.91%,3.03%,48.1,19.73%,2.1,71,7.79,189.73,0.15%,4.67K,1.44,1.55K,-3.81%,0%,-19.05%,76.73,49.63K,105.78%,18.33,1.83%
2019년 11월,"3,140.98",,1.37%,3.6%,3.28%,224.40K,3.08%,96.8,4.69%,-2.05%,77.25%,3.04%,48.1,14.55%,2.2,76,4.82,123.38,0.19%,4.61K,,1.6K,,,,,,,,1.55%
2019년 12월,"3,230.78",,1.33%,3.6%,2.98%,236.00K,5.47%,99.3,3.23%,-2.30%,77.04%,2.23%,47.9,9.57%,2.5,75,17.84,145.85,0.37%,4.48K,,1.7K,,,,,,,,1.55%
2020년 01월,"3,225.52",1.36%,1.31%,3.6%,3.04%,215.50K,5.03%,99.8,4.04%,-2.29%,76.52%,1.14%,51.4,19.22%,2.8,74,10.57,151.62,-0.04%,4.48K,1.39,1.72K,-6.38%,-4.3%,-15.31%,77.46,53.54K,106.77%,19.09,1.55%
2020년 02월,"2,954.22",,1.48%,3.5%,3.07%,210.20K,4.79%,101.0,4.14%,-1.42%,76.78%,0.24%,50.1,13.14%,3.1,72,-11.25,195.41,-0.14%,4.48K,,1.73K,,,,,,,,1.58%
2020년 03월,"2,584.59",,0.40%,4.4%,3.46%,2335.25K,-6.2%,89.1,2.00%,-5.32%,73.79%,-0.17%,49,3.94%,3.5,30,-22.76,201.73,0.59%,4.13K,,2.1K,,,,,,,,0.65%
2020년 04월,"2,912.43",-7.40%,-13.39%,14.8%,8.1%,4663.25K,-19.69%,71.8,13.61%,-17.32%,64.08%,-2.06%,41.8,-18.61%,3.9,37,8.4,176.1,0.55%,3.52K,1.13,2.95K,-25.55%,-28.18%,-14.74%,77.49,60.72K,132.66%,33.35,0.05%
2020년 05월,"3,044.31",,-11.67%,13.2%,6.6%,2173.40K,-5.21%,72.3,8.78%,-16.05%,65.19%,-4.54%,43.5,-7.20%,3.9,58,17.42,76.18,0.51%,3.48K,,3.22K,,,,,,,,0.05%
2020년 06월,"3,100.29",,-8.73%,11.0%,5.04%,1490.25K,2.53%,78.1,8.87%,-10.59%,69.52%,-5.79%,52.6,2.69%,3.6,72,20.99,120.85,0.50%,3.64K,,3.04K,,,,,,,,0.08%
2020년 07월,"3,271.12",-1.36%,-7.74%,10.2%,4.85%,1383.50K,3.38%,72.5,10.13%,-6.78%,72.21%,-5.87%,53.8,12.11%,3.5,78,32.51,34.47,0.46%,3.9K,1.18,2.72K,-10.06%,-16.41%,17.43%,78.7,55.36K,124.15%,32.02,0.09%
2020년 08월,"3,500.31",,-6.85%,8.4%,4.8%,922.40K,3.55%,74.1,6.32%,-6.51%,73.02%,-5.35%,55.4,3.44%,4.2,83,22.76,73.59,0.61%,3.83K,,2.8K,,,,,,,,0.10%
2020년 09월,"3,363.00",,-6.34%,7.8%,4.79%,851.75K,6.29%,80.4,6.93%,-6.18%,73.15%,-4.65%,55.5,11.37%,5.4,85,23.46,79.65,0.59%,3.81K,,2.85K,,,,,,,,0.09%
2020년 10월,"3,269.96",-0.92%,-5.94%,6.9%,4.6%,795.40K,5.57%,81.8,6.56%,-4.62%,73.86%,-3.73%,58.7,5.91%,6.7,90,17.78,78.67,0.79%,3.81K,1.17,2.88K,-0.48%,-10.23%,47.68%,79.96,54.14K,125.63%,32.36,0.09%
2020년 11월,"3,621.63",,-5.89%,6.7%,4.59%,751.25K,3.84%,76.9,5.32%,-4.76%,74.26%,-3.04%,57.3,10.94%,8.1,86,26.47,124.26,0.76%,3.73K,,3.03K,,,,,,,,0.09%
2020년 12월,"3,756.07",,-6.09%,6.7%,5.39%,836.75K,4.4%,80.7,6.17%,-3.28%,75.39%,-2.34%,60.2,21.41%,9.2,83,6.53,65.1,0.84%,3.67K,,3.13K,,,,,,,,0.09%
2021년 01월,"3,714.24",1.80%,-6.03%,6.4%,5.28%,827.80K,8.56%,79.0,16.05%,-2.13%,75.94%,-1.16%,59.3,24.08%,10.2,84,-3,34.88,1.05%,3.69K,1.16,3.15K,8.51%,-1.56%,57.31%,72.74,53.28K,124.04%,32.65,0.09%
2021년 02월,"3,811.15",,-5.85%,6.2%,5.29%,755.00K,5.74%,76.8,7.45%,-5.68%,73.57%,0.19%,60.8,17.59%,11.2,82,25.23,-14.89,1.40%,3.61K,,3.35K,,,,,,,,0.08%
2021년 03월,"3,972.89",,-4.42%,6.1%,4.52%,669.25K,28.88%,84.9,31.97%,1.00%,75.85%,0.71%,63.8,30.46%,12.1,83,35.29,-18.35,1.71%,3.4K,,3.72K,,,,,,,,0.07%
2021년 04월,"4,181.17",12.39%,10.86%,6.1%,0.6%,589.00K,51.85%,88.3,2.99%,16.55%,76.12%,2.33%,61,59.94%,13.5,83,-4.05,-8.58,1.64%,3.34K,1.15,3.89K,42.09%,37.88%,56.7%,75.76,52.68K,121.79%,33.22,0.07%
2021년 05월,"4,204.11",,9.04%,5.8%,2.32%,469.20K,26.51%,82.9,5.41%,15.67%,76.93%,5.64%,61.9,36.24%,15.2,81,-18.39,-16.83,1.57%,3.39K,,3.87K,,,,,,,,0.06%
2021년 06월,"4,297.50",,5.92%,5.9%,3.95%,409.50K,18.13%,85.5,5.31%,8.96%,77.34%,7.85%,61.1,23.99%,17.3,80,-17.71,-8.17,1.40%,3.4K,,3.85K,,,,,,,,0.08%
2021년 07월,"4,395.26",5.15%,5.39%,5.4%,4.32%,370.00K,14.35%,81.2,5.12%,5.50%,77.80%,9.01%,60,7.24%,19.2,75,-16.99,2.85,1.18%,3.37K,1.15,3.94K,23.19%,21.95%,27.03%,77.22,52.17K,118.54%,34.28,0.10%
2021년 08월,"4,522.68",,4.61%,5.1%,4.37%,359.75K,14.09%,70.3,8.61%,4.26%,77.73%,9.42%,59.6,13.24%,20,76,-12.62,0.38,1.26%,3.29K,,4.14K,,,,,,,,0.09%
2021년 09월,"4,307.54",,4.23%,4.7%,4.98%,354.75K,12.63%,72.8,7.12%,3.01%,76.89%,9.94%,60.7,0.24%,19.7,80,-9.7,-25.54,1.48%,3.28K,,4.19K,,,,,,,,0.08%
2021년 10월,"4,605.38",5.76%,4.29%,4.5%,5.42%,284.40K,14.74%,71.7,7.93%,3.56%,77.98%,10.55%,60.4,5.83%,19.1,83,-6.01,-33.63,1.50%,3.34K,1.16,4.13K,21.42%,21.93%,19.87%,78.84,51.16K,119.36%,34.48,0.08%
2021년 11월,"4,567.00",,4.55%,4.1%,5.36%,236.50K,17.03%,67.4,9.27%,3.90%,78.56%,11.61%,60.8,3.64%,18.5,84,-9.11,-42.37,1.38%,3.34K,,4.18K,,,,,,,,0.08%
2021년 12월,"4,766.18",,5.10%,3.9%,4.95%,216.25K,15.11%,70.6,8.95%,2.25%,78.37%,13.72%,58.6,9.53%,18.3,83,-10.2,-53.32,1.46%,3.35K,,4.19K,,,,,,,,0.08%
2022년 01월,"4,515.55",4.03%,5.00%,4.0%,5.58%,239.20K,12.92%,67.2,-1.48%,1.32%,78.09%,14.75%,57.6,3.50%,18.5,81,-5.36,-56.4,1.57%,3.55K,1.16,3.87K,23.01%,19.73%,32.97%,72.92,51.15K,120.4%,35.09,0.08%
2022년 02월,"4,373.94",,5.19%,3.9%,5.29%,219.00K,17.11%,62.8,6.58%,5.43%,78.58%,15.94%,58.4,8.53%,19,79,-10.16,-60.05,1.48%,3.6K,,3.8K,,,,,,,,0.08%
2022년 03월,"4,530.41",,4.91%,3.7%,5.89%,215.00K,7.86%,59.4,-11.36%,3.05%,79.03%,18.48%,57,6.38%,20.3,77,-16.6,-70.78,1.80%,3.55K,,3.87K,,,,,,,,0.20%
2022년 04월,"4,131.93",2.45%,4.87%,3.7%,5.76%,213.00K,8.41%,65.2,2.10%,2.92%,79.04%,19.78%,55.9,8.02%,21.2,69,-16.42,-74.91,2.04%,3.7K,1.19,3.62K,22.14%,22.63%,20.66%,74.33,50.71K,118.2%,34.57,0.33%
2022년 05월,"4,132.15",,4.73%,3.6%,5.56%,209.75K,9.01%,58.4,4.47%,1.91%,78.92%,20.89%,56.1,0.06%,21.3,67,-4.74,-74.58,1.69%,3.88K,,3.32K,,,,,,,,0.77%
2022년 06월,"3,785.38",,4.48%,3.6%,5.4%,212.50K,8.85%,50.0,4.77%,1.22%,78.63%,21.62%,53.1,5.02%,20.5,55,-18.06,-82.62,1.26%,3.93K,,3.23K,,,,,,,,1.21%
2022년 07월,"4,130.29",2.35%,4.30%,3.5%,5.48%,218.20K,9.59%,51.5,4.63%,0.97%,78.72%,20.91%,52.7,2.71%,18.6,49,-22.68,-84.02,0.26%,3.91K,1.22,3.26K,15.34%,21.22%,-2.05%,75.56,50.09K,117.44%,33.76,1.68%
2022년 08월,"3,955.00",,4.11%,3.6%,5.39%,216.50K,9.58%,58.2,5.04%,1.05%,78.54%,20.72%,52.9,-10.31%,16,46,-28.92,-84.4,0.19%,3.88K,,3.31K,,,,,,,,2.33%
2022년 09월,"3,585.62",,3.93%,3.5%,5.13%,197.50K,8.56%,58.6,6.25%,2.46%,78.61%,19.62%,51,-2.44%,13,38,-41.29,-86.03,0.50%,3.98K,,3.13K,,,,,,,,2.56%
2022년 10월,"3,871.98",1.32%,3.61%,3.6%,5.01%,202.60K,8.1%,59.9,6.12%,1.06%,78.48%,18.36%,50,-6.62%,10.4,33,-38.79,-87.97,-0.12%,4.02K,1.25,3.06K,6.02%,10.08%,-6.4%,76.37,49.12K,117.37%,32.58,3.08%
2022년 11월,"4,080.11",,3.36%,3.6%,5.09%,210.75K,5.53%,56.7,5.91%,0.09%,78.15%,16.83%,49,-20.62%,8.6,31,-36.52,-84.54,-0.69%,3.95K,,3.13K,,,,,,,,3.78%
2022년 12월,"3,839.50",,3.02%,3.5%,4.94%,208.20K,5.13%,59.8,6.01%,-0.80%,77.13%,14.44%,48.4,-26.52%,6.8,35,-30.06,-75.93,-0.54%,3.94K,,3.11K,,,,,,,,4.10%
2023년 01월,"4,076.60",2.31%,3.18%,3.5%,4.49%,204.50K,7.72%,64.9,6.80%,0.32%,77.60%,12.36%,47.4,-26.56%,4.6,42,-38.77,-74.57,-1.18%,3.99K,1.29,3.03K,-0.87%,7.69%,-24.23%,71.67,48.88K,115.59%,31.12,4.33%
2023년 02월,"3,970.15",,2.81%,3.6%,4.77%,214.75K,5.34%,66.9,6.76%,-0.16%,77.61%,10.17%,47.7,-12.87%,2.5,44,-35.34,-61.05,-0.96%,3.99K,,3.02K,,,,,,,,4.57%
2023년 03월,"4,109.31",,2.52%,3.5%,4.62%,229.00K,2.16%,62.0,6.90%,-0.37%,77.80%,7.5%,46.3,-20.77%,0.4,45,-27.95,-50.83,-1.37%,3.76K,,3.26K,,,,,,,,4.65%
2023년 04월,"4,169.48",2.79%,2.47%,3.4%,4.6%,216.40K,1.56%,63.7,7.05%,-0.18%,77.89%,6.14%,47.1,-20.71%,-1.1,50,-31.53,-48.11,-1.66%,3.71K,1.32,3.27K,-6.75%,-2.51%,-19.94%,72.27,48.49K,117.44%,31.1,4.83%
2023년 05월,"4,179.83",,2.46%,3.6%,4.36%,226.00K,2.13%,59.0,7.13%,-0.40%,77.55%,4.14%,46.9,-7.57%,-1.7,55,-29.95,-39.51,-1.88%,3.74K,,3.24K,,,,,,,,5.06%
2023년 06월,"4,450.38",,2.31%,3.6%,4.66%,250.75K,1.65%,64.2,7.02%,-0.89%,76.85%,2.51%,46,-15.72%,-1.7,56,-22.87,-29.6,-1.62%,3.71K,,3.27K,,,,,,,,5.08%
2023년 07월,"4,588.96",3.23%,1.94%,3.5%,4.67%,235.20K,2.86%,71.5,6.38%,-0.31%,77.38%,1.62%,46.4,-10.63%,-1.2,50,-27.22,-27.63,-1.58%,3.77K,1.35,3.18K,-3.44%,-1.5%,-10.53%,72.91,47.66K,118.14%,29.36,5.12%
2023년 08월,"4,507.66",,1.89%,3.7%,4.47%,245.00K,3.19%,69.4,6.18%,-0.25%,77.26%,1.11%,47.6,0.26%,0.1,44,-27.35,-21.45,-1.47%,3.74K,,3.23K,,,,,,,,5.33%
2023년 09월,"4,288.05",,1.85%,3.7%,4.42%,218.60K,4.16%,67.8,5.99%,-0.27%,77.34%,1.11%,49,-3.94%,2.1,40,-21.51,-8.31,-0.96%,3.73K,,3.24K,,,,,,,,5.33%
2023년 10월,"4,193.80",3.39%,1.71%,3.9%,4.22%,210.25K,2.61%,63.8,5.67%,-0.77%,76.86%,0.46%,46.7,-4.14%,3.9,34,-19.94,0.71,-0.71%,3.7K,1.37,3.28K,-0.27%,1.7%,-7.36%,73.51,47.06K,119.62%,27.82,5.33%
2023년 11월,"4,567.80",,1.60%,3.7%,4.11%,218.00K,3.92%,61.3,5.87%,-0.09%,77.11%,-0.11%,46.7,7.28%,4.9,37,-18.52,17.82,-1.08%,3.62K,,3.4K,,,,,,,,5.33%
2023년 12월,"4,769.83",,1.63%,3.8%,4.1%,207.80K,5.3%,69.7,5.90%,0.84%,76.86%,-0.08%,47.1,7.73%,5.4,44,-26.39,-6.95,-1.52%,3.57K,,3.49K,,,,,,,,5.33%
2024년 01월,"4,845.65",2.86%,1.46%,3.7%,4.39%,211.50K,0.03%,79.0,6.09%,-1.28%,75.75%,-0.25%,49.1,9.57%,6.2,48,-16.87,-7.2,-1.43%,3.57K,1.37,3.51K,2.74%,2.55%,3.47%,70.02,47.18K,120.48%,26.58,5.33%
2024년 02월,"5,096.27",,1.40%,3.9%,4.13%,210.00K,1.95%,76.9,5.89%,-0.35%,76.52%,0.25%,47.8,-2.53%,6.6,51,-15.63,-8.62,-1.20%,3.55K,,3.57K,,,,,,,,5.33%
2024년 03월,"5,254.35",,1.50%,3.9%,4.15%,215.20K,3.39%,79.4,5.81%,-0.56%,76.60%,0.21%,50.3,-0.27%,7.3,51,-14.73,3.3,-1.26%,3.57K,,3.54K,,,,,,,,5.33%
2024년 04월,"5,035.69",3.13%,1.39%,3.9%,3.98%,210.25K,2.55%,77.2,5.70%,-1.00%,76.38%,0.55%,49.2,-1.02%,7.5,45,-10.36,12.44,-0.77%,3.63K,1.39,3.43K,7.17%,5.85%,12.15%,70.56,47.04K,119.5%,25.4,5.33%
2024년 05월,"5,277.51",,1.25%,3.9%,4.15%,222.00K,2.8%,69.1,5.71%,-0.06%,76.80%,1.17%,48.7,-10.67%,7.2,43,-13.21,25.77,-0.95%,3.67K,,3.38K,,,,,,,,5.33%
2024년 06월,"5,460.48",,1.16%,4.1%,3.92%,234.80K,2.26%,68.2,5.72%,0.77%,76.76%,1.59%,48.5,-0.20%,6.9,42,-16.58,28.39,-1.12%,3.68K,,3.38K,,,,,,,,5.33%
2024년 07월,"5,522.30",2.79%,1.09%,4.2%,3.63%,237.25K,3.01%,66.4,5.57%,-0.92%,75.99%,2.11%,46.8,-5.65%,6.5,39,-9.04,85.16,-1.32%,3.73K,1.39,3.3K,9.02%,5.66%,22.57%,71.15,46.88K,120.17%,24.32,5.33%
2024년 08월,"5,648.40",,0.96%,4.2%,3.92%,230.60K,1.79%,67.9,5.37%,-0.41%,76.27%,2.13%,47.2,-5.45%,5.92,41,2.35,175.18,-1.30%,3.74K,,3.32K,,,,,,,,5.33%
2024년 09월,"5,762.48",,0.96%,4.1%,3.91%,224.50K,1.98%,70.1,5.32%,-1.20%,75.72%,1.92%,47.2,-6.70%,5.2,43,8.5,77.97,-0.92%,3.81K,,3.24K,,,,,,,,5.13%
2024년 10월,"5,705.45",2.40%,0.87%,4.1%,4.05%,236.25K,3.23%,70.5,5.46%,-0.99%,75.39%,2.23%,46.5,-6.54%,4.6,46,5.52,53.05,-0.36%,3.83K,1.39,3.21K,7.42%,4.46%,19.11%,70.99,45.94K,121.44%,23.52,4.83%
2024년 11월,"6,032.38",,0.88%,4.2%,4.18%,219.20K,3.87%,71.8,5.34%,-1.56%,75.17%,2.66%,48.4,0.33%,4.2,46,5.65,41.11,-0.40%,3.82K,,3.26K,,,,,,,,4.64%
2024년 12월,"5,881.63",,0.93%,4.1%,4.08%,222.75K,4.52%,74.0,5.27%,-0.27%,75.87%,1.82%,49.2,-2.57%,4.3,47,5.11,16.9,0.21%,3.83K,,3.24K,,,,,,,,4.48%
2025년 01월,"6,040.53",2.02%,0.79%,4.0%,3.97%,215.00K,4.53%,71.7,4.95%,0.85%,75.58%,2.48%,50.9,-5.50%,4.5,42,3.76,44.61,0.27%,3.84K,1.39,3.26K,14.34%,4.09%,53.76%,67.95,46.06K,120.55%,22.7,4.33%
2025년 02월,"5,954.50",,0.68%,4.2%,4.11%,225.00K,3.89%,64.7,5.03%,0.81%,76.27%,2.26%,50.3,-7.80%,4.7,39,6.93,63.25,-0.08%,3.85K,,3.26K,,,,,,,,4.33%
2025년 03월,"5,611.85",,0.58%,4.2%,4.21%,223.00K,5.08%,57.0,5.20%,0.58%,76.13%,2.5%,49,0.34%,4.5,40,1.66,37.3,-0.09%,3.76K,,3.41K,,,,,,,,4.33%
2025년 04월,"5,569.06",2.08%,0.61%,4.2%,3.91%,225.75K,4.97%,52.2,5.55%,0.88%,76.10%,2.17%,48.7,-2.54%,4.1,34,17.12,36.72,-0.14%,3.8K,1.4,3.35K,1.96%,2.35%,0.61%,68.55,45.8K,118.78%,22.01,4.33%
2025년 05월,"5,911.69",,0.56%,4.3%,3.98%,231.80K,3.37%,52.2,4.51%,0.10%,75.89%,1.71%,48.5,-0.92%,3.4,32,11.77,29.15,0.05%,3.87K,,3.26K,,,,,,,,4.33%
2025년 06월,"6,204.95",,0.50%,4.1%,3.86%,239.00K,4.42%,60.7,4.30%,0.58%,76.18%,1.61%,49,-4.65%,2.8,33,17.17,29.54,-0.17%,3.82K,,3.36K,,,,,,,,4.33%
2025년 07월,"6,339.39",2.34%,0.50%,4.3%,3.96%,221.50K,4.13%,61.7,4.80%,1.92%,76.40%,1.39%,48,-5.15%,2.2,32,24.28,18.61,-0.04%,3.84K,1.41,3.34K,-1.7%,3.39%,-19.37%,,45.4K,121.03%,21.36,4.33%
2025년 08월,"6,460.26",,0.45%,4.3%,3.98%,229.60K,4.97%,58.2,5.06%,1.19%,76.11%,1.05%,48.7,-9.89%,1.8,32,17.75,42.1,0.00%,3.88K,,3.28K,,,,,,,,4.33%
2025년 09월,"6,688.46",,0.40%,4.4%,3.85%,234.00K,4.14%,55.1,5.10%,1.86%,76.05%,1.27%,49.1,-1.32%,1.6,37,19.23,110.76,0.14%,4.05K,,3.07K,,,,,,,,4.22%
2025년 10월,"6,840.20",1.99%,0.29%,,3.92%,226.75K,3.21%,53.6,4.67%,1.76%,75.62%,1.35%,48.7,-1.19%,1.4,38,18.77,117.34,0.22%,4.15K,1.41,2.94K,-1.23%,3.15%,-16.37%,,45.14K,122.57%,20.96,4.09%
2025년 11월,"6,849.09",,0.23%,4.5%,3.93%,222.40K,3.21%,51.0,4.63%,1.80%,75.42%,1.15%,48.2,-7.96%,1.3,39,8.15,75.6,0.14%,4.21K,,2.88K,,,,,,,,3.88%
2025년 12월,"6,845.50",,0.07%,4.4%,3.73%,219.25K,2.43%,52.9,4.51%,1.28%,75.73%,1.45%,47.9,-1.69%,1.4,37,19.03,155.75,0.51%,4.17K,,2.94K,,,,,,,,3.72%
2026년 01월,"6,939.03",,0.20%,4.3%,3.66%,211.80K,3.19%,56.4,4.34%,1.53%,75.66%,0.96%,52.6,-5.07%,1.4,37,13.07,150.29,0.59%,4.16K,,2.97K,,,,,,,,3.64%
2026년 02월,"6,878.88",,0.09%,4.4%,3.76%,215.75K,3.71%,56.6,3.72%,1.23%,76.14%,,52.4,,1.2,38,5.01,52.18,0.30%,4.21K,,2.96K,,,,,,,,3.64%
2026년 03월,"6,528.52",,0.16%,4.3%,3.52%,208.00K,,53.3,,0.74%,75.66%,,52.7,,,34,8.8,48.97,0.60%,,,,,,,,,,,3.64%
2026년 04월,"7,142.79",,,,,213.33K,,,,,,,,,,,,,0.65%,,,,,,,,,,,
